{
  "method": "standard",
  "mean": [
    75.85714285714286,
    23.53571428571428,
    78.14285714285714,
    146.28571428571428,
    83.92857142857143,
    95.21428571428571,
    3303.0,
    5.528571428571429,
    69.1642857142857,
    0.2857142857142857,
    0.35714285714285715
  ],
  "scale": [
    8.157880877296705,
    3.00941549684537,
    11.722122813949106,
    14.219848157862062,
    7.796192163158754,
    2.596111692198036,
    1199.1810300605755,
    3.021217486716376,
    12.974623977092312,
    0.45175395145262565,
    0.47915742374995485
  ],
  "min": null,
  "max": null
}